{
  "annotations": {
    "list": [
      {
        "builtIn": 1,
        "datasource": {
          "type": "grafana",
          "uid": "-- Grafana --"
        },
        "enable": true,
        "hide": true,
        "iconColor": "rgba(0, 211, 255, 1)",
        "name": "Annotations & Alerts",
        "target": {
          "limit": 100,
          "matchAny": false,
          "tags": [],
          "type": "dashboard"
        },
        "type": "dashboard"
      }
    ]
  },
  "editable": true,
  "fiscalYearStartMonth": 0,
  "graphTooltip": 0,
  "id": 22,
  "links": [],
  "liveNow": false,
  "panels": [
    {
      "collapsed": false,
      "gridPos": {
        "h": 1,
        "w": 24,
        "x": 0,
        "y": 0
      },
      "id": 48,
      "panels": [],
      "title": "项目业务运行情况",
      "type": "row"
    },
    {
      "datasource": {
        "type": "prometheus",
        "uid": "$datasource"
      },
      "fieldConfig": {
        "defaults": {
          "color": {
            "mode": "thresholds"
          },
          "decimals": 0,
          "mappings": [],
          "min": 0,
          "thresholds": {
            "mode": "absolute",
            "steps": [
              {
                "color": "green"
              },
              {
                "color": "red",
                "value": 80
              }
            ]
          }
        },
        "overrides": []
      },
      "gridPos": {
        "h": 8,
        "w": 6,
        "x": 0,
        "y": 1
      },
      "id": 58,
      "options": {
        "colorMode": "value",
        "graphMode": "area",
        "justifyMode": "auto",
        "orientation": "auto",
        "reduceOptions": {
          "calcs": [
            "lastNotNull"
          ],
          "fields": "",
          "values": false
        },
        "textMode": "auto"
      },
      "pluginVersion": "9.3.6",
      "targets": [
        {
          "datasource": {
            "type": "prometheus",
            "uid": ""
          },
          "editorMode": "code",
          "expr": "count(task_status{project=~\"$project\", instance=~\"$instance\"}==0)by(project,instance)",
          "legendFormat": "{{instance}}-{{project}}正常运行任务数量",
          "range": true,
          "refId": "A"
        }
      ],
      "title": "当前引擎正常运行的任务数量",
      "type": "stat"
    },
    {
      "datasource": {
        "type": "prometheus",
        "uid": ""
      },
      "fieldConfig": {
        "defaults": {
          "color": {
            "mode": "thresholds"
          },
          "decimals": 0,
          "mappings": [],
          "min": 0,
          "thresholds": {
            "mode": "absolute",
            "steps": [
              {
                "color": "green"
              },
              {
                "color": "red",
                "value": 0
              }
            ]
          }
        },
        "overrides": []
      },
      "gridPos": {
        "h": 8,
        "w": 6,
        "x": 6,
        "y": 1
      },
      "id": 96,
      "options": {
        "colorMode": "value",
        "graphMode": "area",
        "justifyMode": "auto",
        "orientation": "auto",
        "reduceOptions": {
          "calcs": [
            "lastNotNull"
          ],
          "fields": "",
          "values": false
        },
        "textMode": "auto"
      },
      "pluginVersion": "9.3.6",
      "targets": [
        {
          "datasource": {
            "type": "prometheus",
            "uid": ""
          },
          "editorMode": "code",
          "expr": "count(task_status{project=~\"$project\", instance=~\"$instance\"}==1)by(project,instance)",
          "legendFormat": "{{instance}}-{{project}}正常运行任务数量",
          "range": true,
          "refId": "A"
        }
      ],
      "title": "当前引擎异常任务数量",
      "type": "stat"
    },
    {
      "datasource": {
        "type": "prometheus",
        "uid": ""
      },
      "description": "Task sync latency  ",
      "fieldConfig": {
        "defaults": {
          "color": {
            "mode": "palette-classic"
          },
          "custom": {
            "axisCenteredZero": false,
            "axisColorMode": "text",
            "axisLabel": "",
            "axisPlacement": "auto",
            "barAlignment": 0,
            "drawStyle": "line",
            "fillOpacity": 0,
            "gradientMode": "none",
            "hideFrom": {
              "legend": false,
              "tooltip": false,
              "viz": false
            },
            "lineInterpolation": "linear",
            "lineWidth": 1,
            "pointSize": 5,
            "scaleDistribution": {
              "type": "linear"
            },
            "showPoints": "auto",
            "spanNulls": false,
            "stacking": {
              "group": "A",
              "mode": "none"
            },
            "thresholdsStyle": {
              "mode": "off"
            }
          },
          "mappings": [],
          "thresholds": {
            "mode": "absolute",
            "steps": [
              {
                "color": "red"
              },
              {
                "color": "orange",
                "value": 8
              },
              {
                "color": "green",
                "value": 30
              }
            ]
          },
          "unit": "ms"
        },
        "overrides": []
      },
      "gridPos": {
        "h": 8,
        "w": 12,
        "x": 12,
        "y": 1
      },
      "id": 46,
      "options": {
        "legend": {
          "calcs": [
            "lastNotNull"
          ],
          "displayMode": "list",
          "placement": "right",
          "showLegend": true
        },
        "tooltip": {
          "mode": "single",
          "sort": "none"
        }
      },
      "pluginVersion": "9.3.6",
      "targets": [
        {
          "datasource": {
            "type": "prometheus",
            "uid": ""
          },
          "editorMode": "code",
          "expr": "task_cdc_delay_ms{project=~\"$project\",instance=~\"$instance\",task_name=~\"$task_name\"}",
          "legendFormat": "{{instance}}-{{project}}-{{task_name}}",
          "range": true,
          "refId": "A"
        }
      ],
      "title": "任务同步延迟（秒）",
      "type": "timeseries"
    },
    {
      "datasource": {
        "type": "prometheus",
        "uid": ""
      },
      "description": "指任务在节点上，处理数据读取、查询等操作的平均耗时。",
      "fieldConfig": {
        "defaults": {
          "color": {
            "mode": "palette-classic"
          },
          "custom": {
            "axisCenteredZero": false,
            "axisColorMode": "text",
            "axisLabel": "",
            "axisPlacement": "auto",
            "barAlignment": 0,
            "drawStyle": "line",
            "fillOpacity": 0,
            "gradientMode": "none",
            "hideFrom": {
              "legend": false,
              "tooltip": false,
              "viz": false
            },
            "lineInterpolation": "linear",
            "lineWidth": 1,
            "pointSize": 5,
            "scaleDistribution": {
              "type": "linear"
            },
            "showPoints": "auto",
            "spanNulls": false,
            "stacking": {
              "group": "A",
              "mode": "none"
            },
            "thresholdsStyle": {
              "mode": "off"
            }
          },
          "mappings": [],
          "min": 0,
          "thresholds": {
            "mode": "absolute",
            "steps": [
              {
                "color": "green"
              },
              {
                "color": "red",
                "value": 80
              }
            ]
          },
          "unit": "ms"
        },
        "overrides": []
      },
      "gridPos": {
        "h": 8,
        "w": 12,
        "x": 0,
        "y": 9
      },
      "id": 56,
      "options": {
        "legend": {
          "calcs": [
            "lastNotNull"
          ],
          "displayMode": "list",
          "placement": "right",
          "showLegend": true
        },
        "tooltip": {
          "mode": "single",
          "sort": "none"
        }
      },
      "targets": [
        {
          "datasource": {
            "type": "prometheus",
            "uid": ""
          },
          "editorMode": "code",
          "expr": "avg_over_time(task_node_process_data_ms{project=~\"$project\",instance=~\"$instance\",task_name=~\"$task_name\"}[$interval])",
          "legendFormat": "{{instance}}-{{project}}-{{task_name}}-{{node_type}}",
          "range": true,
          "refId": "A"
        }
      ],
      "title": "数据源节点平均处理时间",
      "type": "timeseries"
    },
    {
      "datasource": {
        "type": "prometheus",
        "uid": ""
      },
      "fieldConfig": {
        "defaults": {
          "color": {
            "mode": "palette-classic"
          },
          "custom": {
            "axisCenteredZero": false,
            "axisColorMode": "text",
            "axisLabel": "",
            "axisPlacement": "auto",
            "barAlignment": 0,
            "drawStyle": "line",
            "fillOpacity": 0,
            "gradientMode": "none",
            "hideFrom": {
              "legend": false,
              "tooltip": false,
              "viz": false
            },
            "lineInterpolation": "linear",
            "lineWidth": 1,
            "pointSize": 5,
            "scaleDistribution": {
              "type": "linear"
            },
            "showPoints": "auto",
            "spanNulls": false,
            "stacking": {
              "group": "A",
              "mode": "none"
            },
            "thresholdsStyle": {
              "mode": "off"
            }
          },
          "decimals": 0,
          "mappings": [
            {
              "options": {
                "0": {
                  "index": 2,
                  "text": "运行中"
                },
                "1": {
                  "index": 0,
                  "text": "失败"
                },
                "2": {
                  "index": 1,
                  "text": "重试"
                }
              },
              "type": "value"
            }
          ],
          "max": 2.2,
          "min": 0,
          "thresholds": {
            "mode": "absolute",
            "steps": [
              {
                "color": "green"
              },
              {
                "color": "red",
                "value": 80
              }
            ]
          }
        },
        "overrides": []
      },
      "gridPos": {
        "h": 8,
        "w": 12,
        "x": 12,
        "y": 9
      },
      "id": 64,
      "options": {
        "legend": {
          "calcs": [
            "lastNotNull"
          ],
          "displayMode": "list",
          "placement": "right",
          "showLegend": true
        },
        "tooltip": {
          "mode": "single",
          "sort": "none"
        }
      },
      "targets": [
        {
          "datasource": {
            "type": "prometheus",
            "uid": ""
          },
          "editorMode": "code",
          "expr": "task_status{project=~\"$project\",instance=~\"$instance\",task_name=~\"$task_name\"}",
          "legendFormat": "{{instance}}-{{project}}-{{task_name}}",
          "range": true,
          "refId": "A"
        }
      ],
      "title": "任务异常状态",
      "type": "timeseries"
    },
    {
      "datasource": {
        "type": "prometheus",
        "uid": ""
      },
      "description": "data source cannot connect to the network ；\n任务处理中，因为网络连接和鉴权引起的问题。",
      "fieldConfig": {
        "defaults": {
          "color": {
            "mode": "palette-classic"
          },
          "custom": {
            "axisCenteredZero": false,
            "axisColorMode": "text",
            "axisLabel": "",
            "axisPlacement": "auto",
            "barAlignment": 0,
            "drawStyle": "line",
            "fillOpacity": 0,
            "gradientMode": "none",
            "hideFrom": {
              "legend": false,
              "tooltip": false,
              "viz": false
            },
            "lineInterpolation": "linear",
            "lineWidth": 1,
            "pointSize": 5,
            "scaleDistribution": {
              "type": "linear"
            },
            "showPoints": "auto",
            "spanNulls": false,
            "stacking": {
              "group": "A",
              "mode": "none"
            },
            "thresholdsStyle": {
              "mode": "off"
            }
          },
          "mappings": [
            {
              "options": {
                "1": {
                  "index": 0,
                  "text": "鉴权失败"
                },
                "2": {
                  "index": 1,
                  "text": "连接失败"
                }
              },
              "type": "value"
            }
          ],
          "thresholds": {
            "mode": "absolute",
            "steps": [
              {
                "color": "green"
              },
              {
                "color": "red",
                "value": 80
              }
            ]
          }
        },
        "overrides": []
      },
      "gridPos": {
        "h": 8,
        "w": 12,
        "x": 0,
        "y": 17
      },
      "id": 54,
      "options": {
        "legend": {
          "calcs": [],
          "displayMode": "list",
          "placement": "bottom",
          "showLegend": true
        },
        "tooltip": {
          "mode": "single",
          "sort": "none"
        }
      },
      "targets": [
        {
          "datasource": {
            "type": "prometheus",
            "uid": ""
          },
          "editorMode": "code",
          "exemplar": false,
          "expr": "task_active_db{project=~\"$project\",instance=~\"$instance\",task_name=~\"$task_name\"}",
          "format": "table",
          "instant": true,
          "legendFormat": "",
          "range": false,
          "refId": "A"
        }
      ],
      "title": "任务数据源连接失败状态",
      "transformations": [
        {
          "id": "joinByField",
          "options": {}
        },
        {
          "id": "organize",
          "options": {}
        }
      ],
      "type": "timeseries"
    },
    {
      "datasource": {
        "type": "prometheus",
        "uid": ""
      },
      "fieldConfig": {
        "defaults": {
          "color": {
            "mode": "palette-classic"
          },
          "custom": {
            "axisCenteredZero": false,
            "axisColorMode": "text",
            "axisLabel": "",
            "axisPlacement": "auto",
            "barAlignment": 0,
            "drawStyle": "line",
            "fillOpacity": 0,
            "gradientMode": "none",
            "hideFrom": {
              "legend": false,
              "tooltip": false,
              "viz": false
            },
            "lineInterpolation": "linear",
            "lineWidth": 1,
            "pointSize": 5,
            "scaleDistribution": {
              "type": "linear"
            },
            "showPoints": "auto",
            "spanNulls": false,
            "stacking": {
              "group": "A",
              "mode": "none"
            },
            "thresholdsStyle": {
              "mode": "off"
            }
          },
          "decimals": 0,
          "mappings": [
            {
              "options": {
                "1": {
                  "index": 0,
                  "text": "任务失败"
                },
                "2": {
                  "index": 1,
                  "text": "通过"
                }
              },
              "type": "value"
            }
          ],
          "max": 2.2,
          "min": 0,
          "thresholds": {
            "mode": "absolute",
            "steps": [
              {
                "color": "green"
              },
              {
                "color": "red",
                "value": 80
              }
            ]
          }
        },
        "overrides": []
      },
      "gridPos": {
        "h": 8,
        "w": 12,
        "x": 12,
        "y": 17
      },
      "id": 62,
      "options": {
        "legend": {
          "calcs": [
            "lastNotNull"
          ],
          "displayMode": "list",
          "placement": "right",
          "showLegend": true
        },
        "tooltip": {
          "mode": "single",
          "sort": "none"
        }
      },
      "targets": [
        {
          "datasource": {
            "type": "prometheus",
            "uid": ""
          },
          "editorMode": "code",
          "expr": "task_validation_status{project=~\"$project\",instance=~\"$instance\",task_name=~\"$task_name\"} == 1",
          "legendFormat": "{{instance}}-{{project}}-{{task_name}}",
          "range": true,
          "refId": "A"
        }
      ],
      "title": "数据校验任务是否异常",
      "type": "timeseries"
    },
    {
      "datasource": {
        "type": "prometheus",
        "uid": ""
      },
      "fieldConfig": {
        "defaults": {
          "color": {
            "mode": "palette-classic"
          },
          "custom": {
            "axisCenteredZero": false,
            "axisColorMode": "text",
            "axisLabel": "",
            "axisPlacement": "auto",
            "barAlignment": 0,
            "drawStyle": "line",
            "fillOpacity": 0,
            "gradientMode": "none",
            "hideFrom": {
              "legend": false,
              "tooltip": false,
              "viz": false
            },
            "lineInterpolation": "linear",
            "lineWidth": 1,
            "pointSize": 5,
            "scaleDistribution": {
              "type": "linear"
            },
            "showPoints": "auto",
            "spanNulls": false,
            "stacking": {
              "group": "A",
              "mode": "none"
            },
            "thresholdsStyle": {
              "mode": "off"
            }
          },
          "decimals": 0,
          "mappings": [
            {
              "options": {
                "1": {
                  "index": 0,
                  "text": "结果不一致"
                },
                "2": {
                  "index": 1,
                  "text": "通过"
                }
              },
              "type": "value"
            }
          ],
          "max": 2.2,
          "min": 0,
          "thresholds": {
            "mode": "absolute",
            "steps": [
              {
                "color": "green"
              },
              {
                "color": "red",
                "value": 80
              }
            ]
          }
        },
        "overrides": []
      },
      "gridPos": {
        "h": 8,
        "w": 12,
        "x": 0,
        "y": 25
      },
      "id": 66,
      "options": {
        "legend": {
          "calcs": [
            "lastNotNull"
          ],
          "displayMode": "list",
          "placement": "right",
          "showLegend": true
        },
        "tooltip": {
          "mode": "single",
          "sort": "none"
        }
      },
      "targets": [
        {
          "datasource": {
            "type": "prometheus",
            "uid": ""
          },
          "editorMode": "code",
          "expr": "task_validation_data_status{project=~\"$project\",instance=~\"$instance\",task_name=~\"$task_name\"}",
          "legendFormat": "{{instance}}-{{project}}-{{task_name}}",
          "range": true,
          "refId": "A"
        }
      ],
      "title": "数据校验数据结果状态",
      "type": "timeseries"
    },
    {
      "datasource": {
        "type": "prometheus",
        "uid": ""
      },
      "description": "任务启动时会产生多个历程节点，记录每个里程碑的耗时",
      "fieldConfig": {
        "defaults": {
          "color": {
            "mode": "palette-classic"
          },
          "custom": {
            "axisCenteredZero": false,
            "axisColorMode": "text",
            "axisLabel": "",
            "axisPlacement": "auto",
            "fillOpacity": 81,
            "gradientMode": "none",
            "hideFrom": {
              "legend": false,
              "tooltip": false,
              "viz": false
            },
            "lineWidth": 1,
            "scaleDistribution": {
              "type": "linear"
            },
            "thresholdsStyle": {
              "mode": "off"
            }
          },
          "mappings": [],
          "thresholds": {
            "mode": "absolute",
            "steps": [
              {
                "color": "green"
              },
              {
                "color": "red",
                "value": 80
              }
            ]
          },
          "unit": "ms"
        },
        "overrides": []
      },
      "gridPos": {
        "h": 10,
        "w": 24,
        "x": 0,
        "y": 33
      },
      "id": 88,
      "maxPerRow": 3,
      "options": {
        "barRadius": 0,
        "barWidth": 0.41,
        "groupWidth": 0.7,
        "legend": {
          "calcs": [],
          "displayMode": "list",
          "placement": "bottom",
          "showLegend": false
        },
        "orientation": "auto",
        "showValue": "auto",
        "stacking": "none",
        "tooltip": {
          "mode": "single",
          "sort": "none"
        },
        "xField": "Metric",
        "xTickLabelRotation": 0,
        "xTickLabelSpacing": 0
      },
      "repeat": "task_name",
      "repeatDirection": "v",
      "targets": [
        {
          "datasource": {
            "type": "prometheus",
            "uid": ""
          },
          "editorMode": "code",
          "exemplar": false,
          "expr": "avg by (milestone)(task_milestone_time{milestone_status=\"finish\",task_name=~\"$task_name\",project=~\"$project\", instance=~\"$instance\"})",
          "instant": true,
          "legendFormat": "{{milestone}}",
          "range": false,
          "refId": "A"
        }
      ],
      "title": "任务启动里程碑状耗时- $task_name",
      "transformations": [
        {
          "id": "seriesToRows",
          "options": {}
        },
        {
          "id": "sortBy",
          "options": {
            "fields": {},
            "sort": [
              {
                "field": "Metric"
              }
            ]
          }
        }
      ],
      "type": "barchart"
    },
    {
      "datasource": {
        "type": "prometheus",
        "uid": ""
      },
      "description": "任务启动时会产生多个历程节点，大部分历程会有waiting、running、finish、error四种情况；依次能看出任务启动运行情况。",
      "fieldConfig": {
        "defaults": {
          "color": {
            "mode": "palette-classic"
          },
          "custom": {
            "hideFrom": {
              "legend": false,
              "tooltip": false,
              "viz": false
            }
          },
          "mappings": []
        },
        "overrides": []
      },
      "gridPos": {
        "h": 8,
        "w": 6,
        "x": 0,
        "y": 103
      },
      "id": 78,
      "maxPerRow": 6,
      "options": {
        "displayLabels": [
          "value",
          "name"
        ],
        "legend": {
          "displayMode": "list",
          "placement": "bottom",
          "showLegend": false
        },
        "pieType": "pie",
        "reduceOptions": {
          "calcs": [
            "lastNotNull"
          ],
          "fields": "",
          "values": true
        },
        "tooltip": {
          "mode": "single",
          "sort": "none"
        }
      },
      "repeat": "task_name",
      "repeatDirection": "h",
      "targets": [
        {
          "datasource": {
            "type": "prometheus",
            "uid": ""
          },
          "editorMode": "code",
          "exemplar": false,
          "expr": "sum(task_milestone_status{project=~\"$project\", instance=~\"$instance\", task_name=~\"$task_name\"} == 1) by (task_name,milestone_status)",
          "format": "time_series",
          "instant": true,
          "legendFormat": "{{milestone_status}}",
          "range": false,
          "refId": "A"
        }
      ],
      "title": "任务启动里程碑状态数量- $task_name",
      "transformations": [],
      "type": "piechart"
    }
  ],
  "refresh": false,
  "schemaVersion": 37,
  "style": "dark",
  "tags": [],
  "templating": {
    "list": [
      {
        "current": {
          "selected": true,
          "text": [
            "All"
          ],
          "value": [
            "$__all"
          ]
        },
        "datasource": {
          "type": "prometheus",
          "uid": ""
        },
        "definition": "label_values(project)",
        "description": "Project names",
        "hide": 0,
        "includeAll": true,
        "label": "",
        "multi": true,
        "name": "project",
        "options": [],
        "query": {
          "query": "label_values(project)",
          "refId": "StandardVariableQuery"
        },
        "refresh": 1,
        "regex": "",
        "skipUrlSync": false,
        "sort": 0,
        "type": "query"
      },
      {
        "current": {
          "selected": false,
          "text": "All",
          "value": "$__all"
        },
        "datasource": {
          "type": "prometheus",
          "uid": ""
        },
        "definition": "label_values(up{project=~\"$project\"}, instance)",
        "hide": 0,
        "includeAll": true,
        "label": "",
        "multi": false,
        "name": "instance",
        "options": [],
        "query": {
          "query": "label_values(up{project=~\"$project\"}, instance)",
          "refId": "StandardVariableQuery"
        },
        "refresh": 1,
        "regex": "",
        "skipUrlSync": false,
        "sort": 0,
        "type": "query"
      },
      {
        "auto": false,
        "auto_count": 30,
        "auto_min": "10s",
        "current": {
          "selected": false,
          "text": "30s",
          "value": "30s"
        },
        "hide": 0,
        "name": "interval",
        "options": [
          {
            "selected": false,
            "text": "10s",
            "value": "10s"
          },
          {
            "selected": true,
            "text": "30s",
            "value": "30s"
          },
          {
            "selected": false,
            "text": "1m",
            "value": "1m"
          },
          {
            "selected": false,
            "text": "10m",
            "value": "10m"
          },
          {
            "selected": false,
            "text": "30m",
            "value": "30m"
          },
          {
            "selected": false,
            "text": "1h",
            "value": "1h"
          },
          {
            "selected": false,
            "text": "6h",
            "value": "6h"
          },
          {
            "selected": false,
            "text": "12h",
            "value": "12h"
          },
          {
            "selected": false,
            "text": "1d",
            "value": "1d"
          },
          {
            "selected": false,
            "text": "7d",
            "value": "7d"
          },
          {
            "selected": false,
            "text": "14d",
            "value": "14d"
          },
          {
            "selected": false,
            "text": "30d",
            "value": "30d"
          }
        ],
        "query": "10s,30s,1m,10m,30m,1h,6h,12h,1d,7d,14d,30d",
        "queryValue": "",
        "refresh": 2,
        "skipUrlSync": false,
        "type": "interval"
      },
      {
        "current": {
          "selected": true,
          "text": [
            "All"
          ],
          "value": [
            "$__all"
          ]
        },
        "datasource": {
          "type": "prometheus",
          "uid": ""
        },
        "definition": "label_values(task_milestone_status{project=~\"$project\"},task_name)",
        "hide": 0,
        "includeAll": true,
        "multi": true,
        "name": "task_name",
        "options": [],
        "query": {
          "query": "label_values(task_milestone_status{project=~\"$project\"},task_name)",
          "refId": "StandardVariableQuery"
        },
        "refresh": 1,
        "regex": "",
        "skipUrlSync": false,
        "sort": 0,
        "type": "query"
      }
    ]
  },
  "time": {
    "from": "now-30m",
    "to": "now"
  },
  "timepicker": {},
  "timezone": "",
  "title": "TapData业务运行情况",
  "uid": "_VLPAErNz",
  "version": 2,
  "weekStart": ""
}