{
  "annotations": {
    "list": [
      {
        "builtIn": 1,
        "datasource": {
          "type": "grafana",
          "uid": "-- Grafana --"
        },
        "enable": true,
        "hide": true,
        "iconColor": "rgba(0, 211, 255, 1)",
        "name": "Annotations & Alerts",
        "type": "dashboard"
      }
    ]
  },
  "editable": true,
  "fiscalYearStartMonth": 0,
  "graphTooltip": 0,
  "id": 10,
  "links": [],
  "panels": [
    {
      "datasource": {
        "type": "prometheus",
        "uid": "$datasource"
      },
      "fieldConfig": {
        "defaults": {
          "color": {
            "mode": "thresholds"
          },
          "mappings": [
            {
              "options": {
                "0": {
                  "color": "red",
                  "index": 0,
                  "text": "Down"
                },
                "1": {
                  "color": "green",
                  "index": 1,
                  "text": "Running"
                }
              },
              "type": "value"
            }
          ],
          "thresholds": {
            "mode": "absolute",
            "steps": [
              {
                "color": "green"
              },
              {
                "color": "red",
                "value": 80
              }
            ]
          }
        },
        "overrides": []
      },
      "gridPos": {
        "h": 5,
        "w": 3,
        "x": 0,
        "y": 0
      },
      "id": 19,
      "options": {
        "colorMode": "value",
        "graphMode": "area",
        "justifyMode": "auto",
        "orientation": "auto",
        "percentChangeColorMode": "standard",
        "reduceOptions": {
          "calcs": [
            "lastNotNull"
          ],
          "fields": "",
          "values": false
        },
        "showPercentChange": false,
        "textMode": "auto",
        "wideLayout": true
      },
      "pluginVersion": "12.0.2",
      "targets": [
        {
          "editorMode": "code",
          "exemplar": false,
          "expr": "up{project=\"$project\", job=~\"$job\", instance=~\"$instance\"}",
          "instant": false,
          "legendFormat": "__auto",
          "range": true,
          "refId": "A"
        }
      ],
      "title": "Instance State",
      "type": "stat"
    },
    {
      "datasource": {
        "type": "prometheus",
        "uid": ""
      },
      "fieldConfig": {
        "defaults": {
          "color": {
            "mode": "thresholds"
          },
          "mappings": [],
          "thresholds": {
            "mode": "absolute",
            "steps": [
              {
                "color": "dark-red"
              },
              {
                "color": "dark-green",
                "value": 1
              }
            ]
          }
        },
        "overrides": []
      },
      "gridPos": {
        "h": 5,
        "w": 3,
        "x": 3,
        "y": 0
      },
      "id": 17,
      "options": {
        "colorMode": "value",
        "graphMode": "area",
        "justifyMode": "auto",
        "orientation": "auto",
        "percentChangeColorMode": "standard",
        "reduceOptions": {
          "calcs": [
            "lastNotNull"
          ],
          "fields": "",
          "values": false
        },
        "showPercentChange": false,
        "textMode": "auto",
        "wideLayout": true
      },
      "pluginVersion": "12.0.2",
      "targets": [
        {
          "disableTextWrap": false,
          "editorMode": "builder",
          "exemplar": false,
          "expr": "group by(instance) (nodejs_version_info{project=\"$project\", job=~\"$job\"})",
          "fullMetaSearch": false,
          "includeNullMetadata": true,
          "instant": false,
          "interval": "",
          "legendFormat": "__auto",
          "range": true,
          "refId": "A",
          "useBackend": false
        }
      ],
      "title": "Instance Count",
      "type": "stat"
    },
    {
      "datasource": {
        "type": "prometheus",
        "uid": ""
      },
      "fieldConfig": {
        "defaults": {
          "color": {
            "mode": "thresholds"
          },
          "mappings": [],
          "thresholds": {
            "mode": "absolute",
            "steps": [
              {
                "color": "dark-red"
              },
              {
                "color": "dark-green",
                "value": 1
              }
            ]
          }
        },
        "overrides": []
      },
      "gridPos": {
        "h": 5,
        "w": 4,
        "x": 6,
        "y": 0
      },
      "id": 5,
      "options": {
        "colorMode": "value",
        "graphMode": "area",
        "justifyMode": "auto",
        "orientation": "auto",
        "percentChangeColorMode": "standard",
        "reduceOptions": {
          "calcs": [
            "lastNotNull"
          ],
          "fields": "",
          "values": false
        },
        "showPercentChange": false,
        "textMode": "auto",
        "wideLayout": true
      },
      "pluginVersion": "12.0.2",
      "targets": [
        {
          "disableTextWrap": false,
          "editorMode": "builder",
          "exemplar": false,
          "expr": "count by(role) (nodejs_version_info{project=\"$project\", job=~\"$job\"})",
          "fullMetaSearch": false,
          "includeNullMetadata": true,
          "instant": false,
          "interval": "",
          "legendFormat": "{{role}}",
          "range": true,
          "refId": "A",
          "useBackend": false
        }
      ],
      "title": "Process Count",
      "type": "stat"
    },
    {
      "datasource": {
        "type": "prometheus",
        "uid": ""
      },
      "fieldConfig": {
        "defaults": {
          "color": {
            "mode": "thresholds"
          },
          "mappings": [],
          "thresholds": {
            "mode": "absolute",
            "steps": [
              {
                "color": "dark-red"
              },
              {
                "color": "dark-green",
                "value": 1
              }
            ]
          }
        },
        "overrides": []
      },
      "gridPos": {
        "h": 5,
        "w": 3,
        "x": 10,
        "y": 0
      },
      "id": 16,
      "options": {
        "colorMode": "value",
        "graphMode": "area",
        "justifyMode": "auto",
        "orientation": "auto",
        "percentChangeColorMode": "standard",
        "reduceOptions": {
          "calcs": [
            "lastNotNull"
          ],
          "fields": "",
          "values": false
        },
        "showPercentChange": false,
        "textMode": "auto",
        "wideLayout": true
      },
      "pluginVersion": "12.0.2",
      "targets": [
        {
          "disableTextWrap": false,
          "editorMode": "builder",
          "exemplar": false,
          "expr": "count(group by(path, method) (http_requests_total{project=\"$project\", job=~\"$job\", pid=~\"$pid\", statusCode!=\"404\"}))",
          "fullMetaSearch": false,
          "includeNullMetadata": true,
          "instant": false,
          "interval": "",
          "legendFormat": "__auto",
          "range": true,
          "refId": "A",
          "useBackend": false
        }
      ],
      "title": "Active API",
      "type": "stat"
    },
    {
      "datasource": {
        "type": "prometheus",
        "uid": "$datasource"
      },
      "description": "Process open file descriptors",
      "fieldConfig": {
        "defaults": {
          "color": {
            "mode": "palette-classic"
          },
          "custom": {
            "axisBorderShow": false,
            "axisCenteredZero": false,
            "axisColorMode": "text",
            "axisLabel": "",
            "axisPlacement": "auto",
            "barAlignment": 0,
            "barWidthFactor": 0.6,
            "drawStyle": "line",
            "fillOpacity": 0,
            "gradientMode": "none",
            "hideFrom": {
              "legend": false,
              "tooltip": false,
              "viz": false
            },
            "insertNulls": false,
            "lineInterpolation": "smooth",
            "lineWidth": 1,
            "pointSize": 5,
            "scaleDistribution": {
              "type": "linear"
            },
            "showPoints": "auto",
            "spanNulls": false,
            "stacking": {
              "group": "A",
              "mode": "none"
            },
            "thresholdsStyle": {
              "mode": "dashed"
            }
          },
          "mappings": [],
          "thresholds": {
            "mode": "absolute",
            "steps": [
              {
                "color": "green"
              },
              {
                "color": "red",
                "value": 50
              }
            ]
          }
        },
        "overrides": []
      },
      "gridPos": {
        "h": 5,
        "w": 11,
        "x": 13,
        "y": 0
      },
      "id": 20,
      "options": {
        "legend": {
          "calcs": [],
          "displayMode": "list",
          "placement": "bottom",
          "showLegend": true
        },
        "tooltip": {
          "hideZeros": false,
          "mode": "single",
          "sort": "none"
        }
      },
      "pluginVersion": "12.0.2",
      "targets": [
        {
          "disableTextWrap": false,
          "editorMode": "builder",
          "exemplar": false,
          "expr": "sum by(pid) (process_files_open_files{project=\"$project\", job=~\"$job\"})",
          "fullMetaSearch": false,
          "includeNullMetadata": true,
          "instant": false,
          "interval": "",
          "legendFormat": "pid: {{pid}}",
          "range": true,
          "refId": "A",
          "useBackend": false
        }
      ],
      "title": "Process open fds",
      "type": "timeseries"
    },
    {
      "datasource": {
        "type": "prometheus",
        "uid": ""
      },
      "fieldConfig": {
        "defaults": {
          "color": {
            "mode": "palette-classic"
          },
          "custom": {
            "axisBorderShow": false,
            "axisCenteredZero": false,
            "axisColorMode": "text",
            "axisLabel": "",
            "axisPlacement": "auto",
            "barAlignment": 0,
            "barWidthFactor": 0.6,
            "drawStyle": "line",
            "fillOpacity": 0,
            "gradientMode": "none",
            "hideFrom": {
              "legend": false,
              "tooltip": false,
              "viz": false
            },
            "insertNulls": false,
            "lineInterpolation": "smooth",
            "lineWidth": 1,
            "pointSize": 5,
            "scaleDistribution": {
              "type": "linear"
            },
            "showPoints": "auto",
            "spanNulls": false,
            "stacking": {
              "group": "A",
              "mode": "none"
            },
            "thresholdsStyle": {
              "mode": "off"
            }
          },
          "mappings": [],
          "thresholds": {
            "mode": "absolute",
            "steps": [
              {
                "color": "green"
              },
              {
                "color": "red",
                "value": 80
              }
            ]
          }
        },
        "overrides": []
      },
      "gridPos": {
        "h": 9,
        "w": 15,
        "x": 0,
        "y": 5
      },
      "id": 9,
      "options": {
        "legend": {
          "calcs": [],
          "displayMode": "table",
          "placement": "right",
          "showLegend": true
        },
        "tooltip": {
          "hideZeros": false,
          "mode": "single",
          "sort": "none"
        }
      },
      "pluginVersion": "12.0.2",
      "targets": [
        {
          "editorMode": "code",
          "expr": "sum by(method, path, statusCode) (increase(http_requests_total{project=\"$project\", job=~\"$job\", instance=~\"$instance\", pid=~\"$pid\"})[$interval])",
          "legendFormat": "{{method}} {{path}} - {{statusCode}}",
          "range": true,
          "refId": "A"
        }
      ],
      "title": "Request Count",
      "type": "timeseries"
    },
    {
      "datasource": {
        "type": "prometheus",
        "uid": ""
      },
      "fieldConfig": {
        "defaults": {
          "color": {
            "mode": "palette-classic"
          },
          "custom": {
            "axisBorderShow": false,
            "axisCenteredZero": false,
            "axisColorMode": "text",
            "axisLabel": "",
            "axisPlacement": "auto",
            "barAlignment": 0,
            "barWidthFactor": 0.6,
            "drawStyle": "line",
            "fillOpacity": 0,
            "gradientMode": "none",
            "hideFrom": {
              "legend": false,
              "tooltip": false,
              "viz": false
            },
            "insertNulls": false,
            "lineInterpolation": "linear",
            "lineWidth": 1,
            "pointSize": 5,
            "scaleDistribution": {
              "type": "linear"
            },
            "showPoints": "auto",
            "spanNulls": false,
            "stacking": {
              "group": "A",
              "mode": "none"
            },
            "thresholdsStyle": {
              "mode": "off"
            }
          },
          "mappings": [],
          "thresholds": {
            "mode": "absolute",
            "steps": [
              {
                "color": "green"
              },
              {
                "color": "red",
                "value": 80
              }
            ]
          }
        },
        "overrides": [
          {
            "__systemRef": "hideSeriesFrom",
            "matcher": {
              "id": "byNames",
              "options": {
                "mode": "exclude",
                "names": [
                  "GET /api/v1/test/ - 404"
                ],
                "prefix": "All except:",
                "readOnly": true
              }
            },
            "properties": [
              {
                "id": "custom.hideFrom",
                "value": {
                  "legend": false,
                  "tooltip": false,
                  "viz": true
                }
              }
            ]
          }
        ]
      },
      "gridPos": {
        "h": 9,
        "w": 9,
        "x": 15,
        "y": 5
      },
      "id": 15,
      "options": {
        "legend": {
          "calcs": [],
          "displayMode": "table",
          "placement": "right",
          "showLegend": true
        },
        "tooltip": {
          "hideZeros": false,
          "mode": "single",
          "sort": "none"
        }
      },
      "pluginVersion": "12.0.2",
      "targets": [
        {
          "disableTextWrap": false,
          "editorMode": "builder",
          "expr": "sum by(method, path, statusCode) (increase(http_requests_total{job=~\"$job\", project=\"$project\", instance=~\"$instance\", pid=~\"$pid\", statusCode!~\"^2..$\"}[$interval]))",
          "fullMetaSearch": false,
          "includeNullMetadata": true,
          "legendFormat": "{{method}} {{path}} - {{statusCode}}",
          "range": true,
          "refId": "A",
          "useBackend": false
        }
      ],
      "title": "Non 2xx Request Count",
      "type": "timeseries"
    },
    {
      "datasource": {
        "type": "prometheus",
        "uid": ""
      },
      "description": "CPU usage.",
      "fieldConfig": {
        "defaults": {
          "color": {
            "mode": "palette-classic"
          },
          "custom": {
            "axisBorderShow": false,
            "axisCenteredZero": false,
            "axisColorMode": "text",
            "axisLabel": "",
            "axisPlacement": "auto",
            "barAlignment": 0,
            "barWidthFactor": 0.6,
            "drawStyle": "line",
            "fillOpacity": 10,
            "gradientMode": "none",
            "hideFrom": {
              "legend": false,
              "tooltip": false,
              "viz": false
            },
            "insertNulls": false,
            "lineInterpolation": "linear",
            "lineWidth": 1,
            "pointSize": 5,
            "scaleDistribution": {
              "type": "linear"
            },
            "showPoints": "never",
            "spanNulls": false,
            "stacking": {
              "group": "A",
              "mode": "none"
            },
            "thresholdsStyle": {
              "mode": "off"
            }
          },
          "links": [],
          "mappings": [],
          "thresholds": {
            "mode": "absolute",
            "steps": [
              {
                "color": "green"
              },
              {
                "color": "red",
                "value": 80
              }
            ]
          },
          "unit": "percent"
        },
        "overrides": []
      },
      "gridPos": {
        "h": 8,
        "w": 8,
        "x": 0,
        "y": 14
      },
      "id": 6,
      "options": {
        "alertThreshold": true,
        "legend": {
          "calcs": [
            "mean",
            "lastNotNull",
            "max",
            "min"
          ],
          "displayMode": "table",
          "placement": "bottom",
          "showLegend": true
        },
        "tooltip": {
          "hideZeros": false,
          "mode": "multi",
          "sort": "none"
        }
      },
      "pluginVersion": "12.0.2",
      "targets": [
        {
          "datasource": {
            "uid": "$datasource"
          },
          "editorMode": "code",
          "expr": "irate(process_cpu_user_seconds_total{project=~\"$project\", job=\"$job\", instance=~\"$instance\", pid=~\"$pid\"}[1m]) * 100",
          "interval": "",
          "legendFormat": "User CPU - {{instance}} - {{role}} - {{pid}}",
          "range": true,
          "refId": "A"
        },
        {
          "datasource": {
            "uid": "$datasource"
          },
          "editorMode": "code",
          "expr": "irate(process_cpu_system_seconds_total{project=~\"$project\", job=\"$job\", instance=~\"$instance\", pid=~\"$pid\"}[1m]) * 100",
          "interval": "",
          "legendFormat": "System CPU - {{instance}} - {{role}} - {{pid}}",
          "range": true,
          "refId": "B"
        },
        {
          "datasource": {
            "uid": "$datasource"
          },
          "editorMode": "code",
          "expr": "irate(process_cpu_seconds_total{project=~\"$project\", job=\"$job\", instance=~\"$instance\", pid=~\"$pid\"}[1m]) * 100",
          "interval": "",
          "legendFormat": "Total CPU - {{instance}} - {{role}} - {{pid}}",
          "range": true,
          "refId": "C"
        }
      ],
      "title": "CPU Usage",
      "type": "timeseries"
    },
    {
      "datasource": {
        "type": "prometheus",
        "uid": ""
      },
      "description": "CPU time spent.",
      "fieldConfig": {
        "defaults": {
          "color": {
            "mode": "palette-classic"
          },
          "custom": {
            "axisBorderShow": false,
            "axisCenteredZero": false,
            "axisColorMode": "text",
            "axisLabel": "",
            "axisPlacement": "auto",
            "barAlignment": 0,
            "barWidthFactor": 0.6,
            "drawStyle": "line",
            "fillOpacity": 10,
            "gradientMode": "none",
            "hideFrom": {
              "legend": false,
              "tooltip": false,
              "viz": false
            },
            "insertNulls": false,
            "lineInterpolation": "linear",
            "lineWidth": 1,
            "pointSize": 5,
            "scaleDistribution": {
              "type": "linear"
            },
            "showPoints": "never",
            "spanNulls": false,
            "stacking": {
              "group": "A",
              "mode": "none"
            },
            "thresholdsStyle": {
              "mode": "off"
            }
          },
          "links": [],
          "mappings": [],
          "thresholds": {
            "mode": "absolute",
            "steps": [
              {
                "color": "green"
              },
              {
                "color": "red",
                "value": 80
              }
            ]
          },
          "unit": "s"
        },
        "overrides": []
      },
      "gridPos": {
        "h": 8,
        "w": 8,
        "x": 8,
        "y": 14
      },
      "id": 7,
      "options": {
        "alertThreshold": true,
        "legend": {
          "calcs": [
            "mean",
            "lastNotNull",
            "max",
            "min"
          ],
          "displayMode": "table",
          "placement": "bottom",
          "showLegend": true
        },
        "tooltip": {
          "hideZeros": false,
          "mode": "multi",
          "sort": "none"
        }
      },
      "pluginVersion": "12.0.2",
      "targets": [
        {
          "datasource": {
            "uid": "$datasource"
          },
          "editorMode": "code",
          "expr": "rate(process_cpu_seconds_total{project=\"$project\", job=~\"$job\", instance=~\"$instance\", pid=~\"$pid\"}[$interval])",
          "interval": "",
          "legendFormat": "{{instance}} - {{role}} - {{pid}}",
          "range": true,
          "refId": "A"
        }
      ],
      "title": "CPU Time Spent",
      "type": "timeseries"
    },
    {
      "datasource": {
        "type": "prometheus",
        "uid": ""
      },
      "description": "CPU usage.",
      "fieldConfig": {
        "defaults": {
          "color": {
            "mode": "palette-classic"
          },
          "custom": {
            "axisBorderShow": false,
            "axisCenteredZero": false,
            "axisColorMode": "text",
            "axisLabel": "",
            "axisPlacement": "auto",
            "barAlignment": 0,
            "barWidthFactor": 0.6,
            "drawStyle": "line",
            "fillOpacity": 10,
            "gradientMode": "none",
            "hideFrom": {
              "legend": false,
              "tooltip": false,
              "viz": false
            },
            "insertNulls": false,
            "lineInterpolation": "linear",
            "lineWidth": 1,
            "pointSize": 5,
            "scaleDistribution": {
              "type": "linear"
            },
            "showPoints": "never",
            "spanNulls": false,
            "stacking": {
              "group": "A",
              "mode": "none"
            },
            "thresholdsStyle": {
              "mode": "off"
            }
          },
          "links": [],
          "mappings": [],
          "thresholds": {
            "mode": "absolute",
            "steps": [
              {
                "color": "green"
              },
              {
                "color": "red",
                "value": 80
              }
            ]
          },
          "unit": "percent"
        },
        "overrides": []
      },
      "gridPos": {
        "h": 8,
        "w": 8,
        "x": 16,
        "y": 14
      },
      "id": 14,
      "options": {
        "alertThreshold": true,
        "legend": {
          "calcs": [
            "mean",
            "lastNotNull",
            "max",
            "min"
          ],
          "displayMode": "table",
          "placement": "bottom",
          "showLegend": true
        },
        "tooltip": {
          "hideZeros": false,
          "mode": "multi",
          "sort": "none"
        }
      },
      "pluginVersion": "12.0.2",
      "targets": [
        {
          "datasource": {
            "uid": "$datasource"
          },
          "editorMode": "code",
          "expr": "irate(process_cpu_user_seconds_total{project=~\"$project\", job=\"$job\", instance=~\"$instance\", pid=~\"$pid\"}[1m]) * 100",
          "interval": "",
          "legendFormat": "User CPU - {{instance}} - {{role}} - {{pid}}",
          "range": true,
          "refId": "A"
        },
        {
          "datasource": {
            "uid": "$datasource"
          },
          "editorMode": "code",
          "expr": "irate(process_cpu_system_seconds_total{project=~\"$project\", job=\"$job\", instance=~\"$instance\", pid=~\"$pid\"}[1m]) * 100",
          "interval": "",
          "legendFormat": "System CPU - {{instance}} - {{role}} - {{pid}}",
          "range": true,
          "refId": "B"
        },
        {
          "datasource": {
            "uid": "$datasource"
          },
          "editorMode": "code",
          "expr": "irate(process_cpu_seconds_total{project=~\"$project\", job=\"$job\", instance=~\"$instance\", pid=~\"$pid\"}[1m]) * 100",
          "interval": "",
          "legendFormat": "Total CPU - {{instance}} - {{role}} - {{pid}}",
          "range": true,
          "refId": "C"
        }
      ],
      "title": "CPU Usage",
      "type": "timeseries"
    },
    {
      "datasource": {
        "type": "prometheus",
        "uid": ""
      },
      "description": "Memory usage.",
      "fieldConfig": {
        "defaults": {
          "color": {
            "mode": "palette-classic"
          },
          "custom": {
            "axisBorderShow": false,
            "axisCenteredZero": false,
            "axisColorMode": "text",
            "axisLabel": "",
            "axisPlacement": "auto",
            "barAlignment": 0,
            "barWidthFactor": 0.6,
            "drawStyle": "line",
            "fillOpacity": 10,
            "gradientMode": "none",
            "hideFrom": {
              "legend": false,
              "tooltip": false,
              "viz": false
            },
            "insertNulls": false,
            "lineInterpolation": "linear",
            "lineWidth": 1,
            "pointSize": 5,
            "scaleDistribution": {
              "type": "linear"
            },
            "showPoints": "never",
            "spanNulls": false,
            "stacking": {
              "group": "A",
              "mode": "none"
            },
            "thresholdsStyle": {
              "mode": "off"
            }
          },
          "links": [],
          "mappings": [],
          "thresholds": {
            "mode": "absolute",
            "steps": [
              {
                "color": "green"
              },
              {
                "color": "red",
                "value": 80
              }
            ]
          },
          "unit": "bytes"
        },
        "overrides": []
      },
      "gridPos": {
        "h": 8,
        "w": 8,
        "x": 0,
        "y": 22
      },
      "id": 8,
      "options": {
        "alertThreshold": true,
        "legend": {
          "calcs": [
            "mean",
            "lastNotNull",
            "max",
            "min"
          ],
          "displayMode": "table",
          "placement": "bottom",
          "showLegend": true
        },
        "tooltip": {
          "hideZeros": false,
          "mode": "multi",
          "sort": "none"
        }
      },
      "pluginVersion": "12.0.2",
      "targets": [
        {
          "datasource": {
            "uid": "$datasource"
          },
          "editorMode": "code",
          "expr": "process_resident_memory_bytes{project=\"$project\", job=~\"$job\", instance=~\"$instance\", pid=~\"$pid\"}",
          "interval": "",
          "legendFormat": "Process Memory - {{instance}} - {{role}} - {{pid}}",
          "range": true,
          "refId": "A"
        },
        {
          "datasource": {
            "uid": "$datasource"
          },
          "editorMode": "code",
          "expr": "nodejs_heap_size_total_bytes{project=\"$project\", job=~\"$job\", instance=~\"$instance\", pid=~\"$pid\"}",
          "interval": "",
          "legendFormat": "Heap Total - {{instance}} - {{role}} - {{pid}}",
          "range": true,
          "refId": "B"
        },
        {
          "datasource": {
            "uid": "$datasource"
          },
          "editorMode": "code",
          "expr": "nodejs_heap_size_used_bytes{project=\"$project\", job=~\"$job\", instance=~\"$instance\", pid=~\"$pid\"}",
          "interval": "",
          "legendFormat": "Heap Used - {{instance}} - {{role}} - {{pid}}",
          "range": true,
          "refId": "C"
        },
        {
          "datasource": {
            "uid": "$datasource"
          },
          "editorMode": "code",
          "expr": "nodejs_external_memory_bytes{project=\"$project\", job=~\"$job\", instance=~\"$instance\", pid=~\"$pid\"}",
          "interval": "",
          "legendFormat": "External Memory - {{instance}} - {{role}} - {{pid}}",
          "range": true,
          "refId": "D"
        }
      ],
      "title": "Memory Usage",
      "type": "timeseries"
    },
    {
      "datasource": {
        "type": "prometheus",
        "uid": ""
      },
      "description": "Usage of heap memory.",
      "fieldConfig": {
        "defaults": {
          "color": {
            "mode": "palette-classic"
          },
          "custom": {
            "axisBorderShow": false,
            "axisCenteredZero": false,
            "axisColorMode": "text",
            "axisLabel": "",
            "axisPlacement": "auto",
            "barAlignment": 0,
            "barWidthFactor": 0.6,
            "drawStyle": "line",
            "fillOpacity": 10,
            "gradientMode": "none",
            "hideFrom": {
              "legend": false,
              "tooltip": false,
              "viz": false
            },
            "insertNulls": false,
            "lineInterpolation": "linear",
            "lineWidth": 1,
            "pointSize": 5,
            "scaleDistribution": {
              "type": "linear"
            },
            "showPoints": "never",
            "spanNulls": false,
            "stacking": {
              "group": "A",
              "mode": "none"
            },
            "thresholdsStyle": {
              "mode": "off"
            }
          },
          "links": [],
          "mappings": [],
          "thresholds": {
            "mode": "absolute",
            "steps": [
              {
                "color": "green"
              },
              {
                "color": "red",
                "value": 80
              }
            ]
          },
          "unit": "bytes"
        },
        "overrides": []
      },
      "gridPos": {
        "h": 8,
        "w": 8,
        "x": 8,
        "y": 22
      },
      "id": 12,
      "options": {
        "alertThreshold": true,
        "legend": {
          "calcs": [
            "mean",
            "lastNotNull",
            "max",
            "min"
          ],
          "displayMode": "table",
          "placement": "bottom",
          "showLegend": true
        },
        "tooltip": {
          "hideZeros": false,
          "mode": "multi",
          "sort": "none"
        }
      },
      "pluginVersion": "12.0.2",
      "targets": [
        {
          "datasource": {
            "uid": "$datasource"
          },
          "editorMode": "code",
          "expr": "nodejs_heap_size_total_bytes{project=\"$project\", job=~\"$job\", instance=~\"$instance\", pid=~\"$pid\"}",
          "interval": "",
          "legendFormat": "Total - {{instance}} - {{role}} - {{pid}}",
          "range": true,
          "refId": "A"
        },
        {
          "datasource": {
            "uid": "$datasource"
          },
          "editorMode": "code",
          "expr": "nodejs_heap_size_used_bytes{project=\"$project\", job=~\"$job\", instance=~\"$instance\", pid=~\"$pid\"}",
          "interval": "",
          "legendFormat": "Used - {{instance}} - {{role}} - {{pid}}",
          "range": true,
          "refId": "B"
        },
        {
          "datasource": {
            "uid": "$datasource"
          },
          "editorMode": "code",
          "expr": "process_resident_memory_bytes{project=\"$project\", job=~\"$job\", instance=~\"$instance\", pid=~\"$pid\"}",
          "interval": "",
          "legendFormat": "Resident - {{instance}} - {{role}} - {{pid}}",
          "range": true,
          "refId": "C"
        },
        {
          "datasource": {
            "uid": "$datasource"
          },
          "editorMode": "code",
          "expr": "nodejs_external_memory_bytes{project=\"$project\", job=~\"$job\", instance=~\"$instance\", pid=~\"$pid\"}",
          "interval": "",
          "legendFormat": "External - {{instance}} - {{role}} - {{pid}}",
          "range": true,
          "refId": "D"
        }
      ],
      "title": "Heap Memory Usage",
      "type": "timeseries"
    },
    {
      "datasource": {
        "type": "prometheus",
        "uid": ""
      },
      "description": "Usage of heap space.",
      "fieldConfig": {
        "defaults": {
          "color": {
            "mode": "palette-classic"
          },
          "custom": {
            "axisBorderShow": false,
            "axisCenteredZero": false,
            "axisColorMode": "text",
            "axisLabel": "",
            "axisPlacement": "auto",
            "barAlignment": 0,
            "barWidthFactor": 0.6,
            "drawStyle": "line",
            "fillOpacity": 10,
            "gradientMode": "none",
            "hideFrom": {
              "legend": false,
              "tooltip": false,
              "viz": false
            },
            "insertNulls": false,
            "lineInterpolation": "linear",
            "lineWidth": 1,
            "pointSize": 5,
            "scaleDistribution": {
              "type": "linear"
            },
            "showPoints": "never",
            "spanNulls": false,
            "stacking": {
              "group": "A",
              "mode": "normal"
            },
            "thresholdsStyle": {
              "mode": "off"
            }
          },
          "links": [],
          "mappings": [],
          "thresholds": {
            "mode": "absolute",
            "steps": [
              {
                "color": "green"
              },
              {
                "color": "red",
                "value": 80
              }
            ]
          },
          "unit": "bytes"
        },
        "overrides": []
      },
      "gridPos": {
        "h": 8,
        "w": 8,
        "x": 16,
        "y": 22
      },
      "id": 13,
      "options": {
        "alertThreshold": true,
        "legend": {
          "calcs": [
            "mean",
            "lastNotNull",
            "max",
            "min"
          ],
          "displayMode": "table",
          "placement": "bottom",
          "showLegend": true
        },
        "tooltip": {
          "hideZeros": false,
          "mode": "multi",
          "sort": "none"
        }
      },
      "pluginVersion": "12.0.2",
      "targets": [
        {
          "datasource": {
            "uid": "$datasource"
          },
          "editorMode": "code",
          "expr": "nodejs_heap_space_size_used_bytes{instance=~\"$instance\"}",
          "interval": "",
          "legendFormat": "{{space}} - {{instance}} - {{role}} - {{pid}}",
          "range": true,
          "refId": "A"
        }
      ],
      "title": "Heap Space Used",
      "type": "timeseries"
    },
    {
      "datasource": {
        "type": "prometheus",
        "uid": ""
      },
      "description": "Duration of garbage collection.",
      "fieldConfig": {
        "defaults": {
          "color": {
            "mode": "palette-classic"
          },
          "custom": {
            "axisBorderShow": false,
            "axisCenteredZero": false,
            "axisColorMode": "text",
            "axisLabel": "",
            "axisPlacement": "auto",
            "barAlignment": 0,
            "barWidthFactor": 0.6,
            "drawStyle": "line",
            "fillOpacity": 10,
            "gradientMode": "none",
            "hideFrom": {
              "legend": false,
              "tooltip": false,
              "viz": false
            },
            "insertNulls": false,
            "lineInterpolation": "linear",
            "lineWidth": 1,
            "pointSize": 5,
            "scaleDistribution": {
              "log": 2,
              "type": "log"
            },
            "showPoints": "never",
            "spanNulls": false,
            "stacking": {
              "group": "A",
              "mode": "none"
            },
            "thresholdsStyle": {
              "mode": "off"
            }
          },
          "links": [],
          "mappings": [],
          "thresholds": {
            "mode": "absolute",
            "steps": [
              {
                "color": "green"
              },
              {
                "color": "red",
                "value": 80
              }
            ]
          },
          "unit": "s"
        },
        "overrides": []
      },
      "gridPos": {
        "h": 8,
        "w": 12,
        "x": 0,
        "y": 30
      },
      "id": 11,
      "options": {
        "alertThreshold": true,
        "legend": {
          "calcs": [
            "mean",
            "lastNotNull",
            "max",
            "min"
          ],
          "displayMode": "table",
          "placement": "bottom",
          "showLegend": true
        },
        "tooltip": {
          "hideZeros": false,
          "mode": "multi",
          "sort": "none"
        }
      },
      "pluginVersion": "12.0.2",
      "targets": [
        {
          "datasource": {
            "uid": "$datasource"
          },
          "editorMode": "code",
          "expr": "nodejs_gc_duration_seconds_sum{project=\"$project\", job=~\"$job\", instance=~\"$instance\", pid=~\"$pid\"}",
          "interval": "",
          "legendFormat": "{{kind}} - {{instance}} - {{role}} - {{pid}}",
          "range": true,
          "refId": "A"
        }
      ],
      "title": "GC Duration",
      "type": "timeseries"
    },
    {
      "datasource": {
        "type": "prometheus",
        "uid": ""
      },
      "description": "Count of garbage collection.",
      "fieldConfig": {
        "defaults": {
          "color": {
            "mode": "palette-classic"
          },
          "custom": {
            "axisBorderShow": false,
            "axisCenteredZero": false,
            "axisColorMode": "text",
            "axisLabel": "",
            "axisPlacement": "auto",
            "barAlignment": 0,
            "barWidthFactor": 0.6,
            "drawStyle": "line",
            "fillOpacity": 10,
            "gradientMode": "none",
            "hideFrom": {
              "legend": false,
              "tooltip": false,
              "viz": false
            },
            "insertNulls": false,
            "lineInterpolation": "linear",
            "lineWidth": 1,
            "pointSize": 5,
            "scaleDistribution": {
              "log": 2,
              "type": "log"
            },
            "showPoints": "never",
            "spanNulls": false,
            "stacking": {
              "group": "A",
              "mode": "none"
            },
            "thresholdsStyle": {
              "mode": "off"
            }
          },
          "links": [],
          "mappings": [],
          "thresholds": {
            "mode": "absolute",
            "steps": [
              {
                "color": "green"
              },
              {
                "color": "red",
                "value": 80
              }
            ]
          },
          "unit": "short"
        },
        "overrides": []
      },
      "gridPos": {
        "h": 8,
        "w": 12,
        "x": 12,
        "y": 30
      },
      "id": 10,
      "options": {
        "alertThreshold": true,
        "legend": {
          "calcs": [
            "mean",
            "lastNotNull",
            "max",
            "min"
          ],
          "displayMode": "table",
          "placement": "bottom",
          "showLegend": true
        },
        "tooltip": {
          "hideZeros": false,
          "mode": "multi",
          "sort": "none"
        }
      },
      "pluginVersion": "12.0.2",
      "targets": [
        {
          "datasource": {
            "uid": "$datasource"
          },
          "editorMode": "code",
          "expr": "nodejs_gc_duration_seconds_count{project=\"$project\", job=~\"$job\", instance=~\"$instance\", pid=~\"$pid\"}",
          "interval": "",
          "legendFormat": "{{kind}} - {{instance}} - {{role}} - {{pid}}",
          "range": true,
          "refId": "A"
        }
      ],
      "title": "GC Count",
      "type": "timeseries"
    },
    {
      "datasource": {
        "type": "prometheus",
        "uid": ""
      },
      "description": "Total number of log messages by level",
      "fieldConfig": {
        "defaults": {
          "color": {
            "fixedColor": "#808080",
            "mode": "palette-classic"
          },
          "custom": {
            "axisBorderShow": false,
            "axisCenteredZero": false,
            "axisColorMode": "text",
            "axisLabel": "",
            "axisPlacement": "auto",
            "barAlignment": 0,
            "barWidthFactor": 0.6,
            "drawStyle": "line",
            "fillOpacity": 0,
            "gradientMode": "none",
            "hideFrom": {
              "legend": false,
              "tooltip": false,
              "viz": false
            },
            "insertNulls": false,
            "lineInterpolation": "smooth",
            "lineStyle": {
              "fill": "solid"
            },
            "lineWidth": 1,
            "pointSize": 5,
            "scaleDistribution": {
              "type": "linear"
            },
            "showPoints": "auto",
            "spanNulls": false,
            "stacking": {
              "group": "A",
              "mode": "none"
            },
            "thresholdsStyle": {
              "mode": "off"
            }
          },
          "fieldMinMax": false,
          "mappings": [],
          "thresholds": {
            "mode": "absolute",
            "steps": [
              {
                "color": "dark-red"
              }
            ]
          }
        },
        "overrides": []
      },
      "gridPos": {
        "h": 12,
        "w": 24,
        "x": 0,
        "y": 38
      },
      "id": 18,
      "options": {
        "legend": {
          "calcs": [],
          "displayMode": "list",
          "placement": "bottom",
          "showLegend": true
        },
        "tooltip": {
          "hideZeros": false,
          "mode": "single",
          "sort": "none"
        }
      },
      "pluginVersion": "12.0.2",
      "targets": [
        {
          "disableTextWrap": false,
          "editorMode": "code",
          "expr": "sum by (level)(increase(log_level_count_total{project=\"$project\", instance=~\"$instance\", job=~\"$job\"}[$interval]))",
          "fullMetaSearch": false,
          "includeNullMetadata": true,
          "legendFormat": "{{level}}",
          "range": true,
          "refId": "A",
          "useBackend": false
        }
      ],
      "title": "Log Count",
      "type": "timeseries"
    }
  ],
  "preload": false,
  "refresh": "5s",
  "schemaVersion": 41,
  "tags": [
    "TapData",
    "ApiServer"
  ],
  "templating": {
    "list": [
      {
        "current": {
          "text": "All",
          "value": [
            "$__all"
          ]
        },
        "definition": "label_values(project)",
        "description": "",
        "includeAll": true,
        "label": "项目",
        "multi": true,
        "name": "project",
        "options": [],
        "query": {
          "qryType": 1,
          "query": "label_values(project)",
          "refId": "PrometheusVariableQueryEditor-VariableQuery"
        },
        "refresh": 1,
        "regex": "",
        "type": "query"
      },
      {
        "current": {
          "text": "All",
          "value": [
            "$__all"
          ]
        },
        "definition": "label_values(nodejs_eventloop_lag_seconds{project=\"$project\"},job)",
        "includeAll": true,
        "label": "Job",
        "multi": true,
        "name": "job",
        "options": [],
        "query": {
          "qryType": 1,
          "query": "label_values(nodejs_eventloop_lag_seconds{project=\"$project\"},job)",
          "refId": "PrometheusVariableQueryEditor-VariableQuery"
        },
        "refresh": 1,
        "regex": "",
        "type": "query"
      },
      {
        "current": {
          "text": "All",
          "value": [
            "$__all"
          ]
        },
        "definition": "label_values(nodejs_eventloop_lag_seconds{project=\"$project\"},instance)",
        "includeAll": true,
        "label": "Instance",
        "multi": true,
        "name": "instance",
        "options": [],
        "query": {
          "qryType": 1,
          "query": "label_values(nodejs_eventloop_lag_seconds{project=\"$project\"},instance)",
          "refId": "PrometheusVariableQueryEditor-VariableQuery"
        },
        "refresh": 1,
        "regex": "",
        "type": "query"
      },
      {
        "auto": false,
        "auto_count": 30,
        "auto_min": "10s",
        "current": {
          "text": "1m",
          "value": "1m"
        },
        "label": "Interval",
        "name": "interval",
        "options": [
          {
            "selected": false,
            "text": "5s",
            "value": "5s"
          },
          {
            "selected": false,
            "text": "10s",
            "value": "10s"
          },
          {
            "selected": false,
            "text": "30s",
            "value": "30s"
          },
          {
            "selected": true,
            "text": "1m",
            "value": "1m"
          },
          {
            "selected": false,
            "text": "10m",
            "value": "10m"
          },
          {
            "selected": false,
            "text": "30m",
            "value": "30m"
          },
          {
            "selected": false,
            "text": "1h",
            "value": "1h"
          },
          {
            "selected": false,
            "text": "6h",
            "value": "6h"
          },
          {
            "selected": false,
            "text": "12h",
            "value": "12h"
          },
          {
            "selected": false,
            "text": "1d",
            "value": "1d"
          },
          {
            "selected": false,
            "text": "7d",
            "value": "7d"
          },
          {
            "selected": false,
            "text": "14d",
            "value": "14d"
          },
          {
            "selected": false,
            "text": "30d",
            "value": "30d"
          }
        ],
        "query": "5s,10s,30s,1m,10m,30m,1h,6h,12h,1d,7d,14d,30d",
        "refresh": 2,
        "type": "interval"
      },
      {
        "current": {
          "text": "All",
          "value": [
            "$__all"
          ]
        },
        "definition": "label_values(nodejs_version_info{project=\"$project\", job=~\"$job\", instance=~\"$instance\"},pid)",
        "includeAll": true,
        "label": "PID",
        "multi": true,
        "name": "pid",
        "options": [],
        "query": {
          "qryType": 1,
          "query": "label_values(nodejs_version_info{project=\"$project\", job=~\"$job\", instance=~\"$instance\"},pid)",
          "refId": "PrometheusVariableQueryEditor-VariableQuery"
        },
        "refresh": 1,
        "regex": "",
        "type": "query"
      }
    ]
  },
  "time": {
    "from": "now-15m",
    "to": "now"
  },
  "timepicker": {},
  "timezone": "browser",
  "title": "API Server",
  "uid": "bef40e50-cb28-4411-847c-d995960bc0ee",
  "version": 133
}